water_year,mean_flow_cfs,days_of_data,complete
1914,63.84,273,False
1915,34.18,365,True
1916,55.23,214,False
1917,30.47,364,True
1922,85.52,334,True
1923,39.63,365,True
1924,43.06,366,True
1925,45.21,365,True
1926,15.59,365,True
1927,33.0,365,True
1928,37.85,366,True
1929,40.14,365,True
1930,63.69,365,True
1931,38.41,365,True
1932,53.66,366,True
1933,20.13,365,True
1934,33.06,365,True
1935,39.66,365,True
1936,26.53,366,True
1937,65.35,365,True
1938,56.23,365,True
1939,37.74,365,True
1940,26.66,366,True
1941,31.08,365,True
1942,64.16,365,True
1943,26.33,365,True
1944,15.53,366,True
1945,24.02,365,True
1946,35.62,365,True
1947,41.47,365,True
1948,55.71,366,True
1949,30.56,365,True
1950,37.04,365,True
1951,30.58,365,True
1952,27.14,366,True
1953,22.43,365,True
1954,28.65,365,True
1955,46.44,365,True
1956,36.97,366,True
1957,29.89,365,True
1958,39.5,365,True
1959,37.24,365,True
1960,38.81,366,True
1961,29.29,365,True
1962,21.26,365,True
1963,25.01,365,True
1964,30.17,366,True
1965,34.87,365,True
1966,26.13,365,True
1967,33.16,365,True
1968,34.85,366,True
1969,66.23,365,True
1970,31.52,365,True
1971,40.9,365,True
1972,18.89,366,True
1973,24.97,365,True
1974,27.83,365,True
1975,22.24,365,True
1976,22.49,366,True
1977,25.7,365,True
1978,20.85,365,True
1979,43.62,365,True
1980,67.26,366,True
1981,14.51,365,True
1982,59.78,365,True
1983,21.71,365,True
1984,18.37,366,True
1985,32.92,365,True
1986,44.0,365,True
1987,40.97,365,True
1988,33.56,366,True
1989,55.66,365,True
1990,33.81,365,True
1991,49.98,365,True
1992,23.92,366,True
1993,28.74,365,True
1994,49.16,365,True
1995,19.5,365,True
1996,22.74,366,True
1997,29.9,365,True
1998,28.38,365,True
1999,32.43,365,True
2000,23.92,366,True
2001,19.07,365,True
2002,36.48,365,True
2003,16.05,365,True
2004,34.7,366,True
2005,29.76,365,True
2006,22.85,365,True
2007,14.38,365,True
2008,23.0,366,True
2009,19.63,365,True
2010,18.67,365,True
2011,17.32,365,True
2012,28.13,366,True
2013,21.88,365,True
2014,31.9,365,True
2015,31.85,365,True
2016,45.11,366,True
2017,22.77,365,True
2018,40.24,365,True
2019,25.3,365,True
2020,23.83,366,True
2021,27.62,365,True
2022,19.16,365,True
2023,25.76,365,True
2024,18.08,366,True
2025,11.49,365,True
2026,40.97,365,True
